{
  "geo_001": {
    "0.0": {
      "preview_mc": 0.20708882808685303,
      "c_hat": 1.0
    },
    "0.2": {
      "preview_mc": 0.22230467200279236,
      "c_hat": 0.7086248993873596
    },
    "0.3": {
      "preview_mc": 0.23449558019638062,
      "c_hat": 0.7373301982879639
    },
    "0.4": {
      "preview_mc": 0.27162063121795654,
      "c_hat": 0.6264392733573914
    },
    "0.5": {
      "preview_mc": 0.25546643137931824,
      "c_hat": 0.5136945247650146
    },
    "0.6": {
      "preview_mc": 0.24500718712806702,
      "c_hat": 0.4287513196468353
    },
    "0.8": {
      "preview_mc": 0.24061934649944305,
      "c_hat": 0.32219457626342773
    }
  },
  "geo_002": {
    "0.0": {
      "preview_mc": 0.24282170832157135,
      "c_hat": 1.0
    },
    "0.2": {
      "preview_mc": 0.2015606164932251,
      "c_hat": 0.6624484062194824
    },
    "0.3": {
      "preview_mc": 0.2650684118270874,
      "c_hat": 0.6085919737815857
    },
    "0.4": {
      "preview_mc": 0.2922959625720978,
      "c_hat": 0.5464697480201721
    },
    "0.5": {
      "preview_mc": 0.2404753416776657,
      "c_hat": 0.5427093505859375
    },
    "0.6": {
      "preview_mc": 0.25228556990623474,
      "c_hat": 0.5056857466697693
    },
    "0.8": {
      "preview_mc": 0.23714300990104675,
      "c_hat": 0.5470188856124878
    }
  },
  "geo_003": {
    "0.0": {
      "preview_mc": 0.216661274433136,
      "c_hat": 1.0
    },
    "0.2": {
      "preview_mc": 0.22670453786849976,
      "c_hat": 0.7116475701332092
    },
    "0.3": {
      "preview_mc": 0.23530137538909912,
      "c_hat": 0.46792060136795044
    },
    "0.4": {
      "preview_mc": 0.26391759514808655,
      "c_hat": 0.4455467164516449
    },
    "0.5": {
      "preview_mc": 0.2704050838947296,
      "c_hat": 0.3320370316505432
    },
    "0.6": {
      "preview_mc": 0.2771676480770111,
      "c_hat": 0.302413672208786
    },
    "0.8": {
      "preview_mc": 0.2122100442647934,
      "c_hat": 0.34836551547050476
    }
  },
  "geo_004": {
    "0.0": {
      "preview_mc": 0.19846603274345398,
      "c_hat": 1.0
    },
    "0.2": {
      "preview_mc": 0.23619458079338074,
      "c_hat": 0.3037707805633545
    },
    "0.3": {
      "preview_mc": 0.26453208923339844,
      "c_hat": 0.30329233407974243
    },
    "0.4": {
      "preview_mc": 0.2643689513206482,
      "c_hat": 0.337360143661499
    },
    "0.5": {
      "preview_mc": 0.24476075172424316,
      "c_hat": 0.3187424838542938
    },
    "0.6": {
      "preview_mc": 0.23524005711078644,
      "c_hat": 0.21963924169540405
    },
    "0.8": {
      "preview_mc": 0.21945041418075562,
      "c_hat": 0.24155442416667938
    }
  },
  "geo_005": {
    "0.0": {
      "preview_mc": 0.2166474312543869,
      "c_hat": 1.0
    },
    "0.2": {
      "preview_mc": 0.23449435830116272,
      "c_hat": 0.6437336802482605
    },
    "0.3": {
      "preview_mc": 0.2536897361278534,
      "c_hat": 0.5527209639549255
    },
    "0.4": {
      "preview_mc": 0.24914564192295074,
      "c_hat": 0.48652973771095276
    },
    "0.5": {
      "preview_mc": 0.2641846239566803,
      "c_hat": 0.5239606499671936
    },
    "0.6": {
      "preview_mc": 0.26463717222213745,
      "c_hat": 0.41795068979263306
    },
    "0.8": {
      "preview_mc": 0.23337888717651367,
      "c_hat": 0.4160579442977905
    }
  },
  "geo_006": {
    "0.0": {
      "preview_mc": 0.19201213121414185,
      "c_hat": 1.0
    },
    "0.2": {
      "preview_mc": 0.2193315178155899,
      "c_hat": 0.7435066103935242
    },
    "0.3": {
      "preview_mc": 0.2642538249492645,
      "c_hat": 0.5022954344749451
    },
    "0.4": {
      "preview_mc": 0.24778783321380615,
      "c_hat": 0.2536020874977112
    },
    "0.5": {
      "preview_mc": 0.26450344920158386,
      "c_hat": 0.22633489966392517
    },
    "0.6": {
      "preview_mc": 0.24557632207870483,
      "c_hat": 0.2487468421459198
    },
    "0.8": {
      "preview_mc": 0.2583101987838745,
      "c_hat": 0.15639913082122803
    }
  },
  "geo_007": {
    "0.0": {
      "preview_mc": 0.2548729181289673,
      "c_hat": 1.0
    },
    "0.2": {
      "preview_mc": 0.24780984222888947,
      "c_hat": 0.5638969540596008
    },
    "0.3": {
      "preview_mc": 0.25948968529701233,
      "c_hat": 0.44421422481536865
    },
    "0.4": {
      "preview_mc": 0.26096096634864807,
      "c_hat": 0.3918065130710602
    },
    "0.5": {
      "preview_mc": 0.23598791658878326,
      "c_hat": 0.3328886330127716
    },
    "0.6": {
      "preview_mc": 0.2270180881023407,
      "c_hat": 0.3816681504249573
    },
    "0.8": {
      "preview_mc": 0.264251708984375,
      "c_hat": 0.35299989581108093
    }
  },
  "geo_008": {
    "0.0": {
      "preview_mc": 0.24672508239746094,
      "c_hat": 1.0
    },
    "0.2": {
      "preview_mc": 0.26112157106399536,
      "c_hat": 0.575690507888794
    },
    "0.3": {
      "preview_mc": 0.2631870210170746,
      "c_hat": 0.4263371229171753
    },
    "0.4": {
      "preview_mc": 0.271566778421402,
      "c_hat": 0.42803940176963806
    },
    "0.5": {
      "preview_mc": 0.25786471366882324,
      "c_hat": 0.3854890465736389
    },
    "0.6": {
      "preview_mc": 0.2665216624736786,
      "c_hat": 0.3105037212371826
    },
    "0.8": {
      "preview_mc": 0.2451096475124359,
      "c_hat": 0.39560624957084656
    }
  },
  "geo_009": {
    "0.0": {
      "preview_mc": 0.22121116518974304,
      "c_hat": 1.0
    },
    "0.2": {
      "preview_mc": 0.27190282940864563,
      "c_hat": 0.6230242252349854
    },
    "0.3": {
      "preview_mc": 0.27572837471961975,
      "c_hat": 0.5174338817596436
    },
    "0.4": {
      "preview_mc": 0.23598308861255646,
      "c_hat": 0.5504370927810669
    },
    "0.5": {
      "preview_mc": 0.2310253232717514,
      "c_hat": 0.5519654154777527
    },
    "0.6": {
      "preview_mc": 0.2514224946498871,
      "c_hat": 0.4005633294582367
    },
    "0.8": {
      "preview_mc": 0.25836673378944397,
      "c_hat": 0.49771997332572937
    }
  },
  "geo_010": {
    "0.0": {
      "preview_mc": 0.2719724178314209,
      "c_hat": 1.0
    },
    "0.2": {
      "preview_mc": 0.2596474587917328,
      "c_hat": 0.2949438691139221
    },
    "0.3": {
      "preview_mc": 0.2519913911819458,
      "c_hat": 0.2650880515575409
    },
    "0.4": {
      "preview_mc": 0.24500015377998352,
      "c_hat": 0.26466742157936096
    },
    "0.5": {
      "preview_mc": 0.24623039364814758,
      "c_hat": 0.31701529026031494
    },
    "0.6": {
      "preview_mc": 0.23920583724975586,
      "c_hat": 0.3064626157283783
    },
    "0.8": {
      "preview_mc": 0.24577490985393524,
      "c_hat": 0.19393008947372437
    }
  },
  "geo_011": {
    "0.0": {
      "preview_mc": 0.22500917315483093,
      "c_hat": 1.0
    },
    "0.2": {
      "preview_mc": 0.25681477785110474,
      "c_hat": 0.5318118333816528
    },
    "0.3": {
      "preview_mc": 0.23646138608455658,
      "c_hat": 0.3920763432979584
    },
    "0.4": {
      "preview_mc": 0.22892174124717712,
      "c_hat": 0.35530710220336914
    },
    "0.5": {
      "preview_mc": 0.2666012644767761,
      "c_hat": 0.2745344936847687
    },
    "0.6": {
      "preview_mc": 0.27015221118927,
      "c_hat": 0.3664979934692383
    },
    "0.8": {
      "preview_mc": 0.2419257014989853,
      "c_hat": 0.2910635471343994
    }
  },
  "geo_012": {
    "0.0": {
      "preview_mc": 0.2043268382549286,
      "c_hat": 1.0
    },
    "0.2": {
      "preview_mc": 0.20197363197803497,
      "c_hat": 0.5810517072677612
    },
    "0.3": {
      "preview_mc": 0.24719354510307312,
      "c_hat": 0.5268157720565796
    },
    "0.4": {
      "preview_mc": 0.239646315574646,
      "c_hat": 0.49546873569488525
    },
    "0.5": {
      "preview_mc": 0.23301385343074799,
      "c_hat": 0.3317352533340454
    },
    "0.6": {
      "preview_mc": 0.2529209852218628,
      "c_hat": 0.3231428265571594
    },
    "0.8": {
      "preview_mc": 0.22788316011428833,