{
  "geo_001": {
    "0.0": {
      "preview_mc": 0.21577632427215576,
      "c_hat": 1.0
    },
    "0.2": {
      "preview_mc": 0.23695622384548187,
      "c_hat": 0.5433991551399231
    },
    "0.3": {
      "preview_mc": 0.2546148896217346,
      "c_hat": 0.48801931738853455
    },
    "0.4": {
      "preview_mc": 0.2542627155780792,
      "c_hat": 0.37599170207977295
    },
    "0.5": {
      "preview_mc": 0.2600741982460022,
      "c_hat": 0.3545641601085663
    },
    "0.6": {
      "preview_mc": 0.27153220772743225,
      "c_hat": 0.3017026484012604
    },
    "0.8": {
      "preview_mc": 0.25256744027137756,
      "c_hat": 0.34423166513442993
    }
  },
  "geo_002": {
    "0.0": {
      "preview_mc": 0.2576313018798828,
      "c_hat": 1.0
    },
    "0.2": {
      "preview_mc": 0.239385724067688,
      "c_hat": 0.48792457580566406
    },
    "0.3": {
      "preview_mc": 0.2624441981315613,
      "c_hat": 0.5368727445602417
    },
    "0.4": {
      "preview_mc": 0.2819344401359558,
      "c_hat": 0.5064457058906555
    },
    "0.5": {
      "preview_mc": 0.26529744267463684,
      "c_hat": 0.4658670425415039
    },
    "0.6": {
      "preview_mc": 0.2636124789714813,
      "c_hat": 0.48293113708496094
    },
    "0.8": {
      "preview_mc": 0.2431434690952301,
      "c_hat": 0.49833744764328003
    }
  },
  "geo_003": {
    "0.0": {
      "preview_mc": 0.21258512139320374,
      "c_hat": 1.0
    },
    "0.2": {
      "preview_mc": 0.24529948830604553,
      "c_hat": 0.5390597581863403
    },
    "0.3": {
      "preview_mc": 0.22896182537078857,
      "c_hat": 0.4301602244377136
    },
    "0.4": {
      "preview_mc": 0.24850177764892578,
      "c_hat": 0.3397940397262573
    },
    "0.5": {
      "preview_mc": 0.28244614601135254,
      "c_hat": 0.3186352550983429
    },
    "0.6": {
      "preview_mc": 0.25199440121650696,
      "c_hat": 0.3433338403701782
    },
    "0.8": {
      "preview_mc": 0.2351589798927307,
      "c_hat": 0.2886940836906433
    }
  },
  "geo_004": {
    "0.0": {
      "preview_mc": 0.20196382701396942,
      "c_hat": 1.0
    },
    "0.2": {
      "preview_mc": 0.25817441940307617,
      "c_hat": 0.43713074922561646
    },
    "0.3": {
      "preview_mc": 0.2830311954021454,
      "c_hat": 0.35611462593078613
    },
    "0.4": {
      "preview_mc": 0.2571491599082947,
      "c_hat": 0.3117501735687256
    },
    "0.5": {
      "preview_mc": 0.2478749305009842,
      "c_hat": 0.32323193550109863
    },
    "0.6": {
      "preview_mc": 0.24275191128253937,
      "c_hat": 0.29739394783973694
    },
    "0.8": {
      "preview_mc": 0.2636294364929199,
      "c_hat": 0.2512497305870056
    }
  },
  "geo_005": {
    "0.0": {
      "preview_mc": 0.2247215211391449,
      "c_hat": 1.0
    },
    "0.2": {
      "preview_mc": 0.2545230984687805,
      "c_hat": 0.5310035943984985
    },
    "0.3": {
      "preview_mc": 0.2675274908542633,
      "c_hat": 0.5342080593109131
    },
    "0.4": {
      "preview_mc": 0.2738124132156372,
      "c_hat": 0.4128324091434479
    },
    "0.5": {
      "preview_mc": 0.2808220386505127,
      "c_hat": 0.47837910056114197
    },
    "0.6": {
      "preview_mc": 0.26992160081863403,
      "c_hat": 0.4369661211967468
    },
    "0.8": {
      "preview_mc": 0.2698270082473755,
      "c_hat": 0.4859321117401123
    }
  },
  "geo_006": {
    "0.0": {
      "preview_mc": 0.20468786358833313,
      "c_hat": 1.0
    },
    "0.2": {
      "preview_mc": 0.21873152256011963,
      "c_hat": 0.736393928527832
    },
    "0.3": {
      "preview_mc": 0.26223307847976685,
      "c_hat": 0.4111965298652649
    },
    "0.4": {
      "preview_mc": 0.25734859704971313,
      "c_hat": 0.2034415602684021
    },
    "0.5": {
      "preview_mc": 0.2630261480808258,
      "c_hat": 0.18405431509017944
    },
    "0.6": {
      "preview_mc": 0.2239970564842224,
      "c_hat": 0.23872467875480652
    },
    "0.8": {
      "preview_mc": 0.2420140504837036,
      "c_hat": 0.17895591259002686
    }
  },
  "geo_007": {
    "0.0": {
      "preview_mc": 0.24073444306850433,
      "c_hat": 1.0
    },
    "0.2": {
      "preview_mc": 0.2713199257850647,
      "c_hat": 0.5817468166351318
    },
    "0.3": {
      "preview_mc": 0.27417516708374023,
      "c_hat": 0.5987520217895508
    },
    "0.4": {
      "preview_mc": 0.2612151503562927,
      "c_hat": 0.5187802910804749
    },
    "0.5": {
      "preview_mc": 0.2319367378950119,
      "c_hat": 0.5551685094833374
    },
    "0.6": {
      "preview_mc": 0.26276397705078125,
      "c_hat": 0.5341739058494568
    },
    "0.8": {
      "preview_mc": 0.25725656747817993,
      "c_hat": 0.4171290099620819
    }
  },
  "geo_008": {
    "0.0": {
      "preview_mc": 0.23251135647296906,
      "c_hat": 1.0
    },
    "0.2": {
      "preview_mc": 0.27743270993232727,
      "c_hat": 0.5615970492362976
    },
    "0.3": {
      "preview_mc": 0.2602461874485016,
      "c_hat": 0.41418975591659546
    },
    "0.4": {
      "preview_mc": 0.28074151277542114,
      "c_hat": 0.35671183466911316
    },
    "0.5": {
      "preview_mc": 0.2824913561344147,
      "c_hat": 0.29576408863067627
    },
    "0.6": {
      "preview_mc": 0.28782886266708374,
      "c_hat": 0.3748778700828552
    },
    "0.8": {
      "preview_mc": 0.2504069209098816,
      "c_hat": 0.3869628310203552
    }
  },
  "geo_009": {
    "0.0": {
      "preview_mc": 0.2683486342430115,
      "c_hat": 1.0
    },
    "0.2": {
      "preview_mc": 0.2668948471546173,
      "c_hat": 0.701582670211792
    },
    "0.3": {
      "preview_mc": 0.2726132273674011,
      "c_hat": 0.5452573895454407
    },
    "0.4": {
      "preview_mc": 0.2554139792919159,
      "c_hat": 0.5886951088905334
    },
    "0.5": {
      "preview_mc": 0.2578078508377075,
      "c_hat": 0.5953535437583923
    },
    "0.6": {
      "preview_mc": 0.2693547010421753,
      "c_hat": 0.4837873876094818
    },
    "0.8": {
      "preview_mc": 0.253989577293396,
      "c_hat": 0.48066645860671997
    }
  },
  "geo_010": {
    "0.0": {
      "preview_mc": 0.2955437898635864,
      "c_hat": 1.0
    },
    "0.2": {
      "preview_mc": 0.2565154433250427,
      "c_hat": 0.3762804865837097
    },
    "0.3": {
      "preview_mc": 0.27333348989486694,
      "c_hat": 0.27597832679748535
    },
    "0.4": {
      "preview_mc": 0.26853829622268677,
      "c_hat": 0.24395745992660522
    },
    "0.5": {
      "preview_mc": 0.2787259817123413,
      "c_hat": 0.24045789241790771
    },
    "0.6": {
      "preview_mc": 0.27651384472846985,
      "c_hat": 0.2703686058521271
    },
    "0.8": {
      "preview_mc": 0.2587708830833435,
      "c_hat": 0.28453993797302246
    }
  },
  "geo_011": {
    "0.0": {
      "preview_mc": 0.22111687064170837,
      "c_hat": 1.0
    },
    "0.2": {
      "preview_mc": 0.25567007064819336,
      "c_hat": 0.4171278476715088
    },
    "0.3": {
      "preview_mc": 0.2616939842700958,
      "c_hat": 0.34983760118484497
    },
    "0.4": {
      "preview_mc": 0.25010156631469727,
      "c_hat": 0.2868037819862366
    },
    "0.5": {
      "preview_mc": 0.23848621547222137,
      "c_hat": 0.37546056509017944
    },
    "0.6": {
      "preview_mc": 0.27472007274627686,
      "c_hat": 0.33996644616127014
    },
    "0.8": {
      "preview_mc": 0.26103630661964417,
      "c_hat": 0.2860358655452728
    }
  },
  "geo_012": {
    "0.0": {
      "preview_mc": 0.19990545511245728,
      "c_hat": 1.0
    },
    "0.2": {
      "preview_mc": 0.2322186976671219,
      "c_hat": 0.5974770784378052
    },
    "0.3": {
      "preview_mc": 0.2509057819843292,
      "c_hat": 0.36866772174835205
    },
    "0.4": {
      "preview_mc": 0.23665741086006165,
      "c_hat": 0.41362982988357544
    },
    "0.5": {
      "preview_mc": 0.2206440567970276,
      "c_hat": 0.40035656094551086
    },
    "0.6": {
      "preview_mc": 0.2760394811630249,
      "c_hat": 0.40414535999298096
    },
    "0.8": {
      "preview_mc": 0.26586055755615234,